,koff,mean_N,var_N
0,10.0,30.8,26.959999999999923
1,13.0,21.8,53.75999999999999
2,16.0,19.6,55.03999999999991
3,19.0,16.4,27.04000000000002
4,22.0,13.0,20.0
5,25.0,10.4,20.64
6,28.0,10.2,24.960000000000008
7,31.0,7.8,1.3600000000000065
8,34.0,7.4,4.6399999999999935
9,37.0,7.6,9.839999999999996
10,40.0,6.8,4.160000000000004
11,43.0,6.0,8.399999999999999
12,46.0,7.4,13.039999999999992
13,49.0,7.4,2.239999999999995
