,koff,delta_koff_sq
0,10.0,3.155373782535883
1,15.0,28.709838225066022
2,20.0,3.793956435120479
3,25.0,134.68152068037017
4,30.0,305.75514471298396
5,35.0,148.6182990803314
6,40.0,163.25739475434446
7,45.0,465.0899395441511
