,koff,delta_koff_sq
0,10.0,2.9091191028734995
1,13.0,23.114141410096487
2,16.0,36.215844778075414
3,19.0,36.297421558269576
4,22.0,67.9987715212546
5,25.0,171.32502980941095
6,28.0,223.91767405971703
7,31.0,35.67836777349795
8,34.0,150.25730043773703
9,37.0,286.40804286924435
10,40.0,188.93053748788634
11,43.0,629.3884441634198
12,46.0,422.2748270922613
13,49.0,72.53800710787299
