,koff,mean_N,var_N
0,10.0,30.2,22.160000000000082
1,15.0,19.2,50.56
2,20.0,17.2,1.3600000000000136
3,25.0,12.6,11.439999999999998
4,30.0,13.0,16.400000000000006
5,35.0,10.2,8.960000000000008
6,40.0,10.8,4.159999999999982
7,45.0,9.8,18.559999999999974
