,koff,delta_koff_sq
0,10.0,851.8308717590684
1,13.0,908.1505192491813
2,16.0,1154.8015836062755
3,19.0,1766.647958600332
4,22.0,3428.1515118540988
5,25.0,7530.300322204194
6,28.0,16069.860297624076
7,31.0,26522.9811746107
8,34.0,27137.86156645222
9,37.0,20477.66497745302
10,40.0,15287.433580408728
11,43.0,16691.116322235448
12,46.0,90100.92976082939
13,49.0,18609.104239167766
