,koff,mean_N,var_N
0,10.0,0.25885,0.7582066775
1,13.0,0.16031,0.4051507039
2,16.0,0.10722,0.2383638716
3,19.0,0.07544,0.1536088064
4,22.0,0.05851,0.1133065799
5,25.0,0.0463,0.08677631
6,28.0,0.0377,0.06529871
7,31.0,0.0307,0.049557510000000006
8,34.0,0.02435,0.039237077499999995
9,37.0,0.02146,0.0333794684
10,40.0,0.01807,0.0276234751
11,43.0,0.01539,0.0224331479
12,46.0,0.01413,0.0204503431
13,49.0,0.01194,0.0167974364
