,koff,mean_N,var_N
0,10.0,0.2723,0.81775271
1,13.0,0.1552,0.40231296
2,16.0,0.111,0.26347899999999996
3,19.0,0.0792,0.16472736000000002
4,22.0,0.0528,0.09661216
5,25.0,0.0448,0.08039296
6,28.0,0.0351,0.05926799
7,31.0,0.0327,0.05563071
8,34.0,0.0281,0.04631039
9,37.0,0.0226,0.03628924
10,40.0,0.017,0.023910999999999998
11,43.0,0.0166,0.022924439999999997
12,46.0,0.0151,0.01907199
13,49.0,0.0123,0.01774871
