,koff,delta_koff_sq
0,10.0,566.1736379310046
1,13.0,625.2459106865193
2,16.0,1040.5985486178035
3,19.0,1945.003987248245
4,22.0,4195.963829761202
5,25.0,15749.268538172815
6,28.0,45140.658542090525
7,31.0,53645.820778433386
8,34.0,22423.05826634171
9,37.0,9422.051321901265
10,40.0,5149.222060008728
11,43.0,9246.409077406945
12,46.0,400822.0435072772
13,49.0,1322.8807960239956
