,koff,delta_koff_sq
0,10.0,54.22044350988061
1,13.0,75.0560527377724
2,16.0,96.88299231392757
3,19.0,126.56209334278013
4,22.0,196.46500528393332
5,25.0,286.52484174535863
6,28.0,400.4662041910761
7,31.0,567.8888743341288
8,34.0,622.6836169316123
9,37.0,749.3277520706147
10,40.0,862.3573016482761
11,43.0,1335.4580870047378
12,46.0,2849.937675162541
13,49.0,38393452.54205795
