,koff,mean_N,var_N
0,10.0,8.663,24.829430999999985
1,15.0,5.954,12.251884000000004
2,20.0,4.594,8.269163999999996
3,25.0,3.67,6.393099999999999
