,koff,delta_koff_sq
0,15.0,73.99928041481064
1,20.0,158.51464999800635
