,koff,mean_N,var_N
0,10.0,8.938,22.48015599999998
1,13.0,7.031,17.79203900000001
2,16.0,5.937,12.743030999999995
3,19.0,4.946,9.037084000000004
4,22.0,4.316,7.582144000000003
5,25.0,3.826,6.133723999999997
6,28.0,3.422,5.0899160000000006
7,31.0,3.131,4.771839
8,34.0,2.691,3.889519000000001
9,37.0,2.514,3.7538040000000006
10,40.0,2.395,3.4049750000000003
11,43.0,2.357,3.4935509999999983
12,46.0,2.126,2.8541240000000005
13,49.0,2.001,2.8349990000000007
